Rank,Name,Median_score,Cooperation_rating,Wins,Initial_C_rate,CC_rate,CD_rate,DC_rate,DD_rate,CC_to_C_rate,CD_to_C_rate,DC_to_C_rate,DD_to_C_rate
0,Evolved ANN 5 Noise 05,2.503405349794239,0.4960049382716049,125.0,0.9502057613168724,0.40212283950617284,0.09388209876543203,0.19848353909465027,0.30551152263374476,0.8110222107287508,0.6304472896620361,0.4440821060036192,0.16617114529060215
1,"DBS: 0.75, 3, 4, 3, 5",2.441409465020576,0.4002849794238683,133.0,0.9521399176954732,0.31790946502057604,0.08237551440329213,0.2225662551440328,0.377148765432099,0.8325987133596227,0.5004307796535578,0.2797940027232142,0.22960051612007656
2,Second by RichardHufford,2.394742798353909,0.40423971193415636,129.0,0.9473251028806584,0.3022413580246915,0.101998353909465,0.2234104938271604,0.3723497942386831,0.8182836279122989,0.15091831061211983,0.6580787327953255,0.07898038843423814
3,Evolved FSM 16 Noise 05,2.3829938271604947,0.44345864197530865,108.0,0.9508230452674897,0.3410919753086419,0.10236666666666669,0.20003106995884778,0.35651028806584373,0.8568644807929087,0.4896785515748312,0.412688652568646,0.09463842721963635
4,Evolved ANN,2.379907407407407,0.4248969135802469,132.0,0.9489300411522634,0.35739238683127583,0.06750452674897119,0.18320226337448556,0.39190082304526747,0.8137410749496055,0.6215712918110229,0.30081783792556116,0.07332163904293337
5,First by Downing,2.3243724279835387,0.29442325102880657,147.0,0.04967078189300411,0.21780596707818933,0.07661728395061729,0.24116399176954723,0.4644127572016461,0.5035656770876858,0.364350564022188,0.26159510850850104,0.126942567569089
6,Second by Mikkelson,2.3190637860082304,0.5672135802469136,92.0,0.9508641975308642,0.47724444444444425,0.08996913580246918,0.11324670781893009,0.3195397119341564,0.8955556672931428,0.673739894611416,0.5067594515642815,0.31832440989026506
7,Second by Rowsam,2.3158847736625514,0.5006489711934157,95.0,0.951358024691358,0.4057606995884775,0.09488827160493829,0.15040720164609056,0.3489438271604937,0.7955865571625109,0.643733691454131,0.45738704441992367,0.2631201435586213
8,Second by Borufsen,2.3140946502057607,0.5454094650205761,114.0,0.9516872427983539,0.4197602880658436,0.12564917695473263,0.15001234567901237,0.3045781893004114,0.9142333881899676,0.13156770114659314,0.6778944047805421,0.14383262940251157
9,Level Punisher,2.3110802469135803,0.46861522633744856,123.5,0.9492181069958848,0.3951800411522634,0.07343518518518519,0.14876666666666663,0.3826181069958848,0.8511549865121061,0.6432752101843483,0.35472115973977897,0.13731198692264332
10,"Omega TFT: 3, 8",2.300812757201646,0.39203024691358024,176.0,0.9495061728395062,0.3226034979423869,0.0694267489711934,0.18116337448559672,0.42680637860082293,0.8409072386982994,0.11113087325582717,0.4732613463964992,0.056891042898976486
11,"DoubleCrosser: (D, D)",2.2893415637860084,0.35222510288065845,157.0,0.9483539094650206,0.2785465020576131,0.07367860082304523,0.20214979423868304,0.44562510288065854,0.824544904770214,0.5047869695843187,0.25687106024522327,0.05883066645227773
12,Second by White,2.2828909465020573,0.6787222222222222,19.0,0.9479423868312757,0.5354187242798356,0.1433034979423868,0.08883971193415637,0.2324380658436213,0.9502188768626825,0.6117875322891367,0.9500492151891068,0.3811458862935337
13,Second by Cave,2.276502057613169,0.5298018518518518,109.0,0.9495061728395062,0.42134609053497946,0.10845576131687243,0.13521152263374484,0.3349866255144033,0.9103397862619479,0.3273511879389811,0.6078194475940123,0.1523865294527741
14,Second by Tranquilizer,2.272530864197531,0.5849958847736626,68.0,0.9510288065843622,0.44122551440329216,0.14377037037037038,0.13309279835390944,0.28191131687242793,0.8613039952632371,0.4421517264392274,0.8695769265070303,0.35224639829555054
15,PSO Gambler 2_2_2 Noise 05,2.266502057613169,0.4511932098765432,117.0,0.9477777777777778,0.30447983539094636,0.14671337448559674,0.20050802469135814,0.34829876543209876,0.6239489353802458,0.47442253925549516,0.5896550452606772,0.28363498456602054
16,Second by Yamachi,2.265390946502057,0.595159670781893,76.0,0.9496296296296296,0.4796197530864197,0.11553991769547331,0.10513909465020578,0.29970123456790115,0.8452151621990414,0.6308376503445544,0.5806836957459778,0.35432590957388427
17,"Stalker: (D,)",2.255689300411523,0.5999858024691358,63.0,0.9503703703703704,0.4601765432098766,0.13980925925925927,0.118837037037037,0.28117716049382707,0.9044990570588114,0.7144803887493563,0.4670383973025228,0.19715083681082812
18,"Grumpy: Nice, 10, -10",2.2444444444444436,0.726429012345679,41.0,0.9495061728395062,0.5537670781893005,0.1726619341563785,0.07731934156378598,0.19625164609053505,0.9124323902455004,0.879448267259111,0.6289087090663924,0.5495191020206505
19,Second by Kluepfel,2.2433950617283953,0.48506748971193414,112.5,0.9549382716049383,0.37006851851851874,0.11499897119341561,0.15414053497942387,0.36079197530864177,0.8794989639596127,0.3081003997590981,0.671915221016644,0.11351470924222709
20,VeryBad,2.240082304526749,0.6606652263374485,61.5,0.9526337448559671,0.5227378600823043,0.13792736625514412,0.0827567901234568,0.2565779835390948,0.8985596764073749,0.7691755134401247,0.600731978045063,0.315280104988564
21,Second by Harrington,2.237325102880659,0.6451679012345679,88.0,0.9493827160493827,0.4412646090534981,0.20390329218106992,0.1400816872427983,0.21475041152263363,0.9188979146031065,0.29661761350856863,0.8743135422128193,0.2882085228787832
22,Soft Go By Majority: 40,2.2369958847736626,0.6328631687242798,65.0,0.9530041152263374,0.505737242798354,0.12712592592592595,0.08783724279835388,0.2792995884773662,0.9004760563484758,0.7448476967788951,0.5593964390683347,0.2896328044642527
23,Spiteful Tit For Tat,2.2353600823045268,0.234540329218107,213.0,0.951440329218107,0.18212366255144025,0.05241666666666663,0.23162983539094636,0.5338298353909467,0.7743082354195859,0.05015199917645975,0.23577305584301164,0.049914672721443516
24,Second by GraaskampKatzen,2.2352366255144034,0.2908574074074074,210.0,0.9495473251028806,0.23389485596707837,0.056962551440329225,0.205802880658436,0.5033397119341564,0.8103259577330899,0.050718063911285506,0.32448658486694787,0.04994588623926319
25,ShortMem,2.2332921810699586,0.5997804526748971,60.0,0.950164609053498,0.4835711934156379,0.11620925925925928,0.0948524691358024,0.30536707818930037,0.9284992217184792,0.5896266339570356,0.6513777274222521,0.2496034394124469
26,Doubler,2.233199588477366,0.6496150205761317,32.0,0.9501234567901234,0.5027452674897119,0.1468697530864198,0.09376440329218115,0.25662057613168715,0.9495516181170532,0.5275674709463786,0.9497063339804297,0.21226409740322458
27,Soft Go By Majority: 20,2.2307818930041154,0.6222253086419753,65.0,0.9514814814814815,0.5006545267489712,0.12157078189300417,0.08731234567901237,0.29046234567901225,0.9012743817923083,0.7228128495102366,0.5553585320129903,0.27791467137039205
28,"Memory Decay: 0.1, 0.03, -2, 1, Tit For Tat, 15",2.226985596707819,0.48244609053497944,122.0,0.950164609053498,0.3961915637860082,0.08625452674897116,0.13094691358024693,0.38660699588477365,0.8685885397842946,0.5362936170442978,0.4337172917299606,0.13771898749519745
29,Soft Go By Majority,2.226512345679012,0.6540893004115226,63.0,0.9505349794238683,0.5135748971193416,0.1405144032921811,0.08504711934156368,0.26086358024691364,0.898784854234702,0.7650946940534092,0.579756384882278,0.29043935919721164
30,Soft Go By Majority: 10,2.223590534979424,0.6211481481481481,67.0,0.9497119341563786,0.5018360082304526,0.11931213991769554,0.08482078189300404,0.2940310699588477,0.9119156404144751,0.6983693443501061,0.5669884519070642,0.2743632592256717
31,"BackStabber: (D, D)",2.2202777777777776,0.1974993827160494,198.5,0.951440329218107,0.14912530864197523,0.04837407407407408,0.2431423868312756,0.5593582304526751,0.7933438873352504,0.3431755218392523,0.10757491896568838,0.052407011895768074
32,"EugineNier: (D,)",2.21332304526749,0.1761648148148148,212.0,0.9518930041152264,0.12977880658436214,0.04638600823045269,0.24951975308641994,0.5743154320987652,0.7825722233503271,0.05050975380773656,0.16206778680943695,0.05005633909503764
33,Second by Eatherley,2.210195473251029,0.7503067901234568,22.0,0.9510288065843622,0.560437037037037,0.1898697530864198,0.06968497942386837,0.18000823045267486,0.9503287047625713,0.6145625200166709,0.9502818461079465,0.4881048555347042
34,Evolved FSM 4,2.208333333333334,0.546746913580247,88.0,0.9493827160493827,0.27534403292181064,0.27140288065843626,0.23156851851851848,0.22168456790123459,0.7599517213827085,0.41428793235324235,0.14744857173159925,0.7002505495229321
35,Tit For 2 Tats,2.2040637860082306,0.7042555555555555,21.0,0.9502469135802469,0.541250411522634,0.16300514403292174,0.07094506172839503,0.22479938271604918,0.9498216722144149,0.6843763065373026,0.9501690462456663,0.290938671600005
36,Soft Go By Majority: 5,2.201862139917696,0.5552837448559671,95.0,0.948395061728395,0.4495909465020578,0.10569279835390956,0.10144485596707817,0.3432713991769546,0.9100804701305459,0.5813305743153697,0.5234579045038095,0.17694647896568635
37,Evolved HMM 5,2.200041152263375,0.36873106995884775,107.0,0.9486008230452675,0.20251234567901236,0.16621872427983528,0.2396174897119341,0.3916514403292181,0.8408044172163749,0.3825474318361316,0.1353777609184143,0.21469565249620043
38,GTFT: 0.3,2.192263374485597,0.6957800411522633,57.5,0.9505349794238683,0.4894446502057613,0.20633539094650208,0.10503395061728397,0.19918600823045263,0.9503235227000751,0.31998765997895023,0.9503129815564912,0.31862821885459913
39,Once Bitten,2.19048353909465,0.47928827160493825,137.0,0.9528395061728395,0.38923106995884754,0.09005720164609053,0.12465699588477379,0.3960547325102882,0.90662483812505,0.5493179012580125,0.32676047260112595,0.11847755652273315
40,GTFT: 0.33,2.1904526748971196,0.7108629629629629,54.0,0.9507407407407408,0.49790823045267496,0.21295473251028807,0.10126872427983537,0.1878683127572016,0.950306714566627,0.3495010360281116,0.9498676536232004,0.3524339013047419
41,Soft Joss: 0.9,2.1903395061728395,0.5870290123456791,79.0,0.9521810699588478,0.41894732510288085,0.16808168724279832,0.1302020576131687,0.2827689300411521,0.9498684093446464,0.1404372277965454,0.9498680061734183,0.14062077348078353
42,"First by Stein and Rapoport: 0.05: (D, D)",2.1897222222222226,0.4428265432098765,152.0,0.949835390946502,0.33221275720164606,0.11061378600823049,0.15881934156378608,0.3983541152263374,0.9154735966426036,0.07824277242856961,0.7378377214281853,0.05241831106100755
43,Second by Black,2.1897222222222226,0.7019430041152264,21.0,0.9492181069958848,0.5316965020576133,0.17024650205761305,0.07398539094650203,0.22407160493827166,0.9039162477833826,0.6847842859981633,0.7572781257501785,0.45858328984908814
44,GTFT: 0.1,2.1893415637860083,0.5862510288065843,79.0,0.9507407407407408,0.41853230452674894,0.16771872427983542,0.1301993827160494,0.2835495884773662,0.9500633354945136,0.13952306237796303,0.9503725265113928,0.14006415058321076
45,"ZD-GTFT-2: 0.25, 0.5",2.1882613168724276,0.6372006172839506,71.0,0.9509465020576132,0.442660082304527,0.1945405349794238,0.1240195473251028,0.23877983539094638,0.9495324118590603,0.16235623378304143,0.9500255964345546,0.2758049774854942
46,Gradual,2.187469135802469,0.3257864197530864,163.0,0.948559670781893,0.24470884773662552,0.08107757201646087,0.1951261316872429,0.47908744855967067,0.885226049458771,0.2598560279817168,0.1976532440897967,0.10083899957188448
47,Hard Tit For 2 Tats,2.1866358024691364,0.6284026748971193,25.0,0.9467901234567901,0.48925823045267486,0.13914444444444438,0.08684320987654319,0.2847541152263376,0.9313545348425839,0.5658179333487225,0.5090261056882852,0.3510875887556703
48,Contrite Tit For Tat,2.1865226337448562,0.5350946502057613,93.0,0.9474485596707819,0.3945253086419751,0.14056934156378614,0.13423868312757206,0.3306666666666667,0.9502891822319308,0.10472112989367625,0.9499722288553315,0.05029495866392129
49,Second by WmAdams,2.1859876543209875,0.5162689300411523,85.0,0.9518106995884774,0.3701802469135803,0.14608868312757198,0.14809074074074072,0.33564032921810694,0.9457649550327721,0.22327838180913165,0.7609627684502936,0.17371812501911793
50,Adaptive,2.185524691358024,0.4086798353909465,132.0,0.9497119341563786,0.2510028806584363,0.15767695473251042,0.21016440329218103,0.3811557613168723,0.8025141857346497,0.7096700718828097,0.2152028947572718,0.07900107458205738
51,Forgiving Tit For Tat,2.180164609053498,0.5442932098765432,80.0,0.9488477366255144,0.40274938271604954,0.14154382716049368,0.12952325102880666,0.3261835390946501,0.9497684789371393,0.2163046473443455,0.9498315400668552,0.0969233581787256
52,Second by Tideman and Chieruzzi,2.178014403292181,0.49801522633744855,124.5,0.9509465020576132,0.3636674897119341,0.13434773662551433,0.1464430041152263,0.3555417695473252,0.8973637109432178,0.30545138826699203,0.6074807721459132,0.1687489390491579
53,Dynamic Two Tits For Tat,2.174907407407406,0.676227366255144,26.0,0.9474897119341564,0.5006251028806585,0.1756022633744856,0.08749444444444449,0.23627818930041158,0.8648659365585073,0.5854223634516168,0.6951068960146337,0.43873999286011994
54,Hard Prober,2.1735905349794242,0.3236794238683128,127.0,0.048518518518518516,0.20204506172839512,0.12163436213991774,0.2226024691358025,0.4537181069958847,0.8660630552268589,0.0756796144083414,0.6603703005517623,0.06300422208063852
55,Forgetful Fool Me Once: 0.05,2.1735185185185184,0.3820187242798354,137.0,0.949917695473251,0.2808479423868313,0.10117078189300416,0.1782189300411523,0.4397623456790122,0.8999709923833472,0.47639565000479406,0.19132436448910042,0.10517406422069187
56,"Alexei: (D,)",2.169434156378601,0.5106201646090535,117.0,0.9495061728395062,0.36832572016460896,0.14229444444444442,0.1431633744855966,0.3462164609053501,0.9463596817005283,0.0505624223938059,0.9454732310123924,0.04954534134461067
57,Second by Champion,2.166224279835391,0.749509670781893,21.0,0.9513168724279836,0.5518335390946502,0.19767613168724288,0.06499938271604937,0.18549094650205755,0.9500134010627014,0.6659315059434243,0.9499117354724922,0.45516945693843963
58,Adaptive Tit For Tat: 0.5,2.1645473251028804,0.5145415637860082,113.0,0.9474897119341564,0.3718551440329219,0.14268641975308644,0.1411549382716049,0.3443034979423868,0.95034194114261,0.057223191662041234,0.9497649456942924,0.052025097616468334
59,Math Constant Hunter,2.1643004115226327,0.44110123456790123,111.0,0.9500411522633745,0.22910781893004137,0.21199341563785998,0.22938333333333324,0.3295154320987654,0.6992431684645117,0.7347563580137491,0.19697706764306322,0.2105500859645803
60,Tit For Tat,2.1594444444444445,0.5113382716049383,112.0,0.9506172839506173,0.36869609053497937,0.14264218106995882,0.14124012345679016,0.34742160493827157,0.9495754514714159,0.05057630435328439,0.9499450096657724,0.04996159307440693
61,Second by Grofman,2.1570987654320986,0.39428024691358027,168.5,0.9502057613168724,0.32643930041152275,0.06784094650205762,0.14332654320987662,0.46239320987654314,0.844363421429846,0.5009382474173538,0.2734924073754934,0.10518697064886057
62,Resurrection,2.155648148148148,0.4653590534979424,165.0,0.9510288065843622,0.3444975308641976,0.12086152263374488,0.14674588477366263,0.38789506172839494,0.9496969570413984,0.049724871093102516,0.7016840063867563,0.05073057431032076
63,Fool Me Once,2.1552263374485596,0.12855185185185186,208.5,0.9492592592592592,0.08670679012345682,0.04184506172839505,0.25650699588477377,0.6149411522633744,0.7335462413958672,0.17466730552384777,0.08136625247839678,0.05054516651098417
64,Second by Weiner,2.1540740740740745,0.3756917695473251,205.0,0.9479012345679012,0.3062919753086419,0.06939979423868313,0.1526771604938272,0.47163106995884774,0.8599145922718678,0.12307489738493646,0.4092020176472885,0.054318821325452495
65,Slow Tit For Two Tats 2,2.1516358024691358,0.5300625514403292,97.0,0.9499588477366255,0.42588539094650196,0.10417716049382714,0.10130473251028806,0.3686327160493828,0.949776664278258,0.611147876005972,0.43489847833560086,0.05130580551377858
66,Meta Hunter: 6 players,2.149917695473251,0.2694948559670782,138.0,0.951440329218107,0.14190864197530867,0.12758621399176956,0.24852469135802469,0.48198045267489703,0.6930217561041732,0.5293083923008114,0.20854635817047731,0.10203666584509404
67,Meta Majority Long Memory: 133 players,2.148353909465021,0.3784304526748971,209.0,0.9513991769547325,0.30309526748971194,0.07533518518518521,0.15378004115226326,0.46778950617283954,0.8552536116934234,0.05340513284064602,0.47541368054393274,0.05063023407742813
68,Raider,2.147582304526749,0.37382427983539096,110.0,0.047736625514403296,0.23830226337448565,0.13552201646090534,0.20096913580246895,0.42520658436214004,0.8718723771656252,0.09615762395806034,0.747312313385786,0.12451600554417404
69,EvolvedLookerUp2_2_2,2.1458641975308645,0.5166333333333334,97.0,0.948395061728395,0.2520895061728395,0.2645438271604938,0.22635823045267495,0.2570084362139918,0.6579466572659677,0.3530737511557122,0.3388908565290475,0.7587104478846064
70,Evolved FSM 16,2.145010288065844,0.36355267489711934,128.0,0.9488477366255144,0.13658148148148153,0.2269711934156379,0.2752012345679012,0.36124609053497936,0.5100001975323327,0.44294074504685454,0.31042626843438503,0.3114594582309596
71,"N Tit(s) For M Tat(s): 3, 2",2.1448868312757203,0.5397234567901235,99.0,0.9481481481481482,0.43157242798353906,0.10815102880658442,0.09744444444444447,0.362832098765432,0.9171139039869983,0.5694477144281276,0.4366312480172929,0.20302639514127052
72,Meta Majority Finite Memory: 79 players,2.1412860082304523,0.4780430041152263,159.0,0.9499588477366255,0.3692574074074076,0.10878559670781893,0.12754876543209878,0.3944082304526747,0.9198707689762473,0.16762047643754305,0.6692580722190334,0.07226569157682507
73,Forgiver,2.137376543209876,0.2375349794238683,192.0,0.9490123456790124,0.19084855967078193,0.046686419753086426,0.20063580246913565,0.5618292181069959,0.7423375323144614,0.25379493571875933,0.14883472758830546,0.05818221873104884
74,Meta Majority Memory One: 36 players,2.135946502057613,0.4900528806584362,128.0,0.950164609053498,0.35700781893004097,0.13304506172839511,0.13827921810699587,0.3716679012345681,0.9347759317185662,0.1050140139494257,0.8124912620106912,0.07532336001980185
75,AdaptorBrief,2.13570987654321,0.26985493827160495,195.0,0.9372427983539094,0.18568888888888893,0.08416604938271602,0.21209958847736612,0.5180454732510289,0.8235966102093217,0.15270154699010496,0.28543122184907843,0.07091172922793638
76,Prober 2,2.1350514403292182,0.6156002057613169,84.0,0.050617283950617285,0.43597283950617266,0.17962736625514422,0.11004835390946503,0.27435144032921804,0.9498851426615759,0.37030377768787265,0.9506317862001585,0.12260401386031534
77,Firm But Fair,2.1335390946502057,0.672169341563786,75.0,0.9473662551440329,0.42776543209876544,0.24440390946502058,0.13020411522633737,0.1976265432098766,0.9500617568139295,0.04978482580425014,0.9498888182922987,0.6499880076171964
78,Second by Getzler,2.130473251028807,0.5073148148148148,106.0,0.9483539094650206,0.37554279835390947,0.1317720164609053,0.1273187242798354,0.36536646090534985,0.8767719862279617,0.31969777594466126,0.6854708255990566,0.1559742092949046
79,Prober 3,2.130092592592593,0.24342942386831276,152.5,0.04979423868312757,0.1446201646090535,0.09880925925925922,0.23507489711934157,0.5214956790123457,0.7292120367637639,0.05155228690741468,0.5198479476676671,0.0546002118006586
80,Meta Majority: 212 players,2.1293827160493826,0.4121635802469136,205.0,0.9481069958847737,0.32296152263374495,0.08920205761316873,0.1428650205761316,0.44497139917695466,0.8876113658682008,0.05815162017594289,0.5494782164175894,0.050552066117417783
81,Evolved ANN 5,2.1279320987654327,0.3247979423868313,175.0,0.9496707818930041,0.2439927983539096,0.0808051440329218,0.18028703703703694,0.4949150205761316,0.9454521985417939,0.5782304943361438,0.05035132738206908,0.07173588705387464
82,Second by Appold,2.127067901234568,0.5616545267489712,82.0,0.950164609053498,0.38372860082304533,0.177925925925926,0.1337794238683128,0.3045660493827159,0.7715884381588488,0.4882264218774766,0.6273092997465782,0.39709901912461937
83,PSO Gambler Mem1,2.126748971193416,0.38356111111111113,112.0,0.950164609053498,0.2430728395061729,0.1404882716049383,0.19497448559670785,0.421464403292181,0.9499306534972612,0.5186252499298852,0.04970094409808493,0.15896579240691253
84,"Michaelos: (D,)",2.1258950617283947,0.1030477366255144,211.0,0.9497530864197531,0.06202818930041154,0.041019547325102865,0.2606650205761317,0.6362872427983538,0.7284336689515909,0.04962579181696292,0.08989863954291949,0.05019719707824283
85,NMWE Memory One: 36 players,2.123950617283951,0.11824794238683127,198.0,0.9496296296296296,0.06459320987654317,0.05365473251028804,0.26215349794238674,0.619598559670782,0.6056222203160235,0.15263151681493245,0.11885402713346632,0.08516009574972325
86,TF3,2.1232818930041155,0.1071880658436214,210.0,0.949835390946502,0.06423024691358023,0.04295781893004116,0.25961790123456785,0.6331940329218108,0.5721604691991664,0.19032643999101181,0.12326981840185788,0.0521276899524274
87,Meta Winner: 8 players,2.1218930041152264,0.12768703703703704,179.0,0.9488888888888889,0.06878559670781895,0.058901440329218124,0.26110761316872444,0.6112053497942385,0.6240446316349573,0.3084201858556727,0.07826759826447456,0.07800525177278146
88,"ZD-GEN-2: 0.125, 0.5, 3",2.1210699588477366,0.6112648148148148,71.0,0.9505761316872428,0.4283174897119341,0.18294732510288073,0.11168888888888884,0.27704629629629623,0.9499390958319549,0.5558284788306629,0.5005029658804936,0.16205457266220658
89,NMWE Deterministic: 145 players,2.1209979423868313,0.10762716049382716,198.0,0.9489300411522634,0.05915884773662551,0.048468312757201634,0.2630174897119342,0.6293553497942386,0.6114409711277394,0.12651201104050025,0.09497300126630012,0.06594867689883407
90,"First by Feld: 1.0, 0.5, 200",2.1194135802469134,0.35050267489711934,167.0,0.9502880658436214,0.23105123456790125,0.11945144032921808,0.19452757201646098,0.45496975308641957,0.8108850908345019,0.050356424294407905,0.7224206553923007,0.04963319290782471
91,NMWE Long Memory: 133 players,2.118683127572017,0.10755123456790124,196.0,0.949917695473251,0.058834156378600844,0.048717078189300454,0.2623333333333334,0.6301154320987653,0.6090991195655908,0.12888946893924674,0.09619394715420994,0.06638772523168252
92,Worse and Worse 3,2.1185596707818934,0.5644555555555556,83.0,0.9497530864197531,0.37828703703703703,0.1861685185185186,0.136551646090535,0.29899279835390935,0.7265540392898192,0.5434755264729308,0.5702380239716425,0.4215675480708635
93,MEM2,2.1179835390946504,0.09301419753086419,212.0,0.9500411522633745,0.05351419753086424,0.03950000000000001,0.2622763374485596,0.6447094650205761,0.6581146745336109,0.07983075972343799,0.07199245491299036,0.050232533821474766
94,First by Shubik,2.117314814814815,0.3331207818930041,155.0,0.9503292181069959,0.23003436213991776,0.10308641975308634,0.1897991769547325,0.47708004115226343,0.8902758631633516,0.04964851054865044,0.22959142883967532,0.17326186653658315
95,Nice Meta Winner Ensemble: 212 players,2.1172942386831277,0.11386748971193415,189.0,0.9489711934156378,0.06036604938271608,0.053501440329218115,0.26291543209876533,0.6232170781893005,0.5967672371609144,0.13374616391815125,0.10839441230896178,0.07485558997444408
96,Nice Meta Winner: 212 players,2.1160699588477367,0.11883786008230453,192.0,0.9504938271604938,0.06608888888888884,0.05274897119341561,0.2593621399176953,0.6218000000000002,0.6172463364617008,0.29800197377613946,0.08124223920867688,0.07330114401600421
97,"First by Tideman and Chieruzzi: (D, D)",2.115895061728395,0.3633623456790123,184.0,0.9502880658436214,0.28056872427983537,0.082793621399177,0.15947427983539098,0.47716337448559665,0.8891871125631972,0.13174904760364775,0.43646605667760857,0.052858588369755065
98,Nice Average Copier,2.1157407407407405,0.5635395061728395,83.0,0.9511111111111111,0.37698004115226336,0.18655946502057622,0.13658868312757202,0.2998718106995885,0.7269582844184247,0.542987414769032,0.5687683497182402,0.42380287681920875
99,DoubleResurrection,2.115288065843621,0.4809014403292181,108.0,0.9488477366255144,0.2819487654320988,0.1989526748971193,0.18793477366255132,0.33116378600823065,0.8398864231872074,0.050175461119587345,0.9496500370773487,0.14651091851384354
100,NMWE Stochastic: 67 players,2.1149588477366255,0.15110102880658435,165.0,0.9498765432098766,0.07456851851851858,0.07653251028806592,0.26026275720164616,0.5886362139917694,0.5637106155935998,0.17960171166907474,0.17027819172408848,0.12063620481564817
101,First by Davis: 10,2.113508230452675,0.11235884773662551,201.0,0.9518106995884774,0.06528641975308644,0.04707242798353906,0.25814176954732493,0.6294993827160495,0.719433954339272,0.26506045235278786,0.07129972259741425,0.05217358062285354
102,NMWE Finite Memory: 79 players,2.1125823045267493,0.14572427983539094,171.0,0.9481481481481482,0.07199588477366255,0.07372839506172836,0.2604771604938272,0.593798559670782,0.5732178374198094,0.18492004310795485,0.14560169003771606,0.12284675975001445
103,Grudger,2.109022633744856,0.09220987654320988,213.0,0.9489300411522634,0.05349197530864195,0.038717901234567885,0.2604203703703706,0.6473697530864196,0.6422293680805642,0.05007628963176619,0.0670447603380553,0.049984252516702715
104,Prober,2.107314814814815,0.31609300411522634,138.0,0.04806584362139918,0.19771975308641976,0.11837325102880664,0.20774032921810714,0.4761666666666665,0.8605101177456712,0.07297785404162403,0.6289111081035298,0.05687705071236689
105,First by Graaskamp: 0.05,2.1060802469135806,0.569312962962963,126.0,0.9510288065843622,0.3593395061728396,0.20997345679012358,0.14871954732510284,0.2819674897119339,0.8589135845896799,0.5696648073470443,0.6697554268620803,0.21673349778842707
106,Second by Leyvraz,2.1057201646090533,0.6328415637860082,74.5,0.9502880658436214,0.4126370370370368,0.22020452674897134,0.12516255144032923,0.24199588477366257,0.8188880330554689,0.45909508474139055,0.8006471345809324,0.44939012196425965
107,Calculator,2.104207818930041,0.425848353909465,121.0,0.9493004115226338,0.2906600823045269,0.13518827160493832,0.16383497942386827,0.4103166666666665,0.9174573823985092,0.050436570795397935,0.8044829682373029,0.050533179678480464
108,PSO Gambler 2_2_2,2.1037037037037036,0.33430185185185185,108.0,0.9480658436213992,0.12142181069958842,0.2128800411522633,0.2685189300411523,0.3971792181069959,0.521954264109864,0.17635474798430636,0.33549845514916177,0.409941915688133
109,Remorseful Prober: 0.1,2.1015020576131684,0.4338761316872428,131.0,0.9496707818930041,0.2865788065843622,0.14729732510288068,0.16870123456790123,0.3974226337448558,0.8603391542572923,0.05407912083008136,0.859673856504879,0.14833424599743436
110,"General Soft Grudger: n=1,d=4,c=2",2.1004732510288067,0.5485102880658437,95.0,0.9504115226337448,0.3504010288065843,0.19810925925925915,0.14918950617283952,0.302300205761317,0.9282051742885394,0.37500560225616775,0.3365053306546317,0.29083696460231
111,Soft Grudger,2.098600823045267,0.5482814814814815,95.0,0.9507818930041152,0.349876131687243,0.19840534979423863,0.14908106995884773,0.30263744855967056,0.928056585796169,0.374908040434076,0.3358818280920725,0.29059513066631915
112,Prober 4,2.098045267489712,0.19334362139917696,159.0,0.9509465020576132,0.10494218106995887,0.08840144032921814,0.24409855967078195,0.5625578189300411,0.6243334482293346,0.1603779720781504,0.329269477394817,0.07802483495806137
113,PSO Gambler 1_1_1,2.0938786008230457,0.3041619341563786,128.0,0.9494650205761317,0.18540144032921804,0.11876049382716053,0.21049382716049386,0.4853442386831275,0.950045862988569,0.2533009315718605,0.05005460987075783,0.16940489285073052
114,Second by Tester,2.0938477366255146,0.47443230452674895,108.0,0.04897119341563786,0.325764403292181,0.14866790123456783,0.1484109053497943,0.377156790123457,0.921909116020928,0.0762492961882767,0.9499617744474435,0.07617979189468382
115,GTFT: 0.7,2.092952674897119,0.8501158436213991,30.0,0.9506172839506173,0.5669028806584362,0.28321296296296294,0.06050493827160495,0.08937921810699585,0.9501088339124373,0.6804942596730453,0.9498333490789775,0.6785877220834887
116,Sneaky Tit For Tat,2.0925000000000002,0.7264024691358024,57.0,0.9511522633744856,0.4685053497942384,0.2578971193415639,0.10344135802469141,0.17015617283950632,0.931677057923653,0.42298342781653586,0.8514693222283019,0.45626464467635647
117,Winner12,2.09201646090535,0.31479444444444443,135.0,0.9481893004115226,0.19872674897119327,0.1160676954732511,0.20288106995884772,0.48232448559670793,0.9500517655619279,0.05935382379719211,0.05139327505076326,0.35300243839768525
118,Detective,2.0908641975308635,0.36086995884773665,126.0,0.9518930041152264,0.2320783950617284,0.1287915637860082,0.18872695473251025,0.45040308641975313,0.8570234401216881,0.07014328477230393,0.7034512196864771,0.06069552468722426
119,Random Hunter,2.0894032921810703,0.8359808641975308,47.0,0.9488888888888889,0.5358872427983538,0.30009362139917717,0.07933312757201641,0.08468600823045266,0.9261649983473926,0.9128723503889544,0.6846608222571535,0.5581322487258997
120,Worse and Worse 2,2.0890946502057615,0.3159296296296296,129.0,0.9473251028806584,0.15185514403292175,0.1640744855967078,0.23676810699588483,0.4473022633744856,0.6151134052829798,0.3064142981695285,0.3390862372363879,0.2246004972421252
121,Revised Downing,2.0885493827160495,0.19087633744855967,156.0,0.9502880658436214,0.09479300411522637,0.09608333333333333,0.2485872427983539,0.5605364197530864,0.7220051370889956,0.21965616824636702,0.08718841251279857,0.145789219901356
122,Second by Gladstein,2.0885082304526748,0.47197716049382715,108.0,0.04864197530864198,0.32345617283950606,0.1485209876543211,0.14811893004115223,0.37990390946502056,0.9226961671577103,0.07672448862846402,0.9478438167530302,0.0759249240579173
123,Second by Colbert,2.085679012345679,0.6884590534979423,75.0,0.9492592592592592,0.4367549382716051,0.2517041152263374,0.11602510288065845,0.1955158436213991,0.9294162365071914,0.3940564695787437,0.5690551495362882,0.5380867790772602
124,First by Joss: 0.9,2.080781893004116,0.40925185185185187,148.0,0.9507407407407408,0.2714670781893003,0.13778477366255146,0.16878724279835394,0.4219609053497942,0.8594544658377429,0.050311303779235664,0.8593421738256378,0.04993294745183784
125,Suspicious Tit For Tat,2.080761316872428,0.4683565843621399,111.0,0.05,0.3195697530864197,0.14878683127572012,0.14748744855967075,0.3841559670781894,0.9499852805465931,0.049755594682820994,0.9501916443546626,0.04960024771280814
126,Naive Prober: 0.1,2.0804423868312756,0.40955411522633745,148.0,0.9483127572016461,0.27162983539094654,0.1379242798353909,0.16878148148148142,0.42166440329218113,0.8595947651786655,0.04989806872777674,0.8603013414474839,0.05053259779170647
127,ZD-Mem2,2.0792078189300414,0.45385164609053497,116.0,0.9520164609053497,0.28900679012345665,0.16484485596707826,0.16644218106995876,0.3797061728395063,0.8189016537604997,0.19963801735418027,0.7601066565661216,0.16169885025701214
128,AdaptorLong,2.0787242798353907,0.22494135802469137,132.0,0.940164609053498,0.07870781893004114,0.14623353909465026,0.26654135802469153,0.508517283950617,0.7280304587780857,0.06474555834056507,0.060411073832529145,0.24110797264774736
129,Ripoff,2.078477366255144,0.4663635802469136,107.0,0.048518518518518516,0.31753786008230467,0.14882572016460904,0.1481897119341564,0.38544670781893003,0.9106484721143551,0.07407174122430286,0.9482335255505706,0.07609743137562207
130,Adaptive Pavlov 2011,2.074074074074074,0.40955473251028807,187.0,0.9508230452674897,0.31784979423868326,0.09170493827160493,0.13225637860082304,0.4581888888888888,0.8921632745138678,0.19755894202172397,0.42513696413198815,0.06765831182725665
131,Meta Winner Long Memory: 133 players,2.0729938271604937,0.09220781893004115,184.0,0.9483539094650206,0.03751584362139916,0.05469197530864201,0.2632129629629631,0.6445792181069957,0.4015841469691463,0.21693668687778406,0.08842843597127391,0.08046810561632818
132,Meta Winner: 212 players,2.0729835390946505,0.09147037037037037,191.0,0.9494650205761317,0.03860329218106997,0.05286707818930043,0.2620917695473249,0.6464378600823047,0.41233726759978223,0.27199879579701636,0.08457226629845467,0.07567886928364599
133,Meta Hunter Aggressive: 7 players,2.0722325102880657,0.22794135802469137,134.0,0.9516460905349794,0.09699691358024687,0.1309444444444444,0.25196522633744844,0.5200934156378603,0.5809114095597252,0.5354633004650939,0.15441903382138572,0.1096569690047301
134,Meta Winner Deterministic: 145 players,2.0721090534979423,0.08617407407407407,198.0,0.9507818930041152,0.03643847736625513,0.04973559670781889,0.26263395061728395,0.651191975308642,0.3958623746427069,0.27759040560277476,0.0828027044481927,0.07122227172202453
135,EvolvedLookerUp1_1_1,2.071646090534979,0.17911522633744856,200.5,0.9494650205761317,0.11067839506172843,0.06843683127572016,0.22967613168724269,0.5912086419753088,0.7616419354643973,0.05003686581803563,0.24672490672856337,0.050337291232586984
136,First by Tullock,2.06667695473251,0.39675925925925926,162.0,0.9494238683127572,0.27832921810699585,0.11843004115226338,0.15729609053497942,0.4459446502057613,0.7255640734674311,0.4500998980196796,0.42853354742148886,0.24044412159078038
137,Average Copier,2.0650308641975297,0.52220658436214,86.5,0.49893004115226336,0.3401442386831275,0.1820623456790123,0.14139362139917697,0.33639979423868316,0.7027423630388533,0.5091021688548867,0.5438397985353575,0.39106793488147895
138,Fortress4,2.063446502057613,0.23370246913580248,125.0,0.048024691358024695,0.07785637860082306,0.15584609053497944,0.2660650205761316,0.500232510288066,0.7058614882745362,0.08472798074622158,0.06909138361676938,0.2559177352676539
139,First by Nydegger,2.0618518518518525,0.8706569958847736,53.0,0.9523045267489711,0.5344748971193417,0.336182098765432,0.08299732510288067,0.04634567901234565,0.8989523543069472,0.8526992763566876,0.7177750824206003,0.6264994755049009
140,Meta Winner Finite Memory: 79 players,2.0612345679012343,0.07741707818930041,200.0,0.9496707818930041,0.03083456790123457,0.04658251028806585,0.26157530864197553,0.661007613168724,0.3682388164686547,0.23532454375813827,0.059186877024875705,0.06430600112644669
141,Knowledgeable Worse and Worse,2.0598353909465024,0.4977251028806584,100.0,0.9449382716049383,0.25531769547325084,0.24240740740740746,0.1976218106995885,0.30465308641975314,0.6868205674209075,0.5727634804421062,0.43591140896951797,0.3322781393484285
142,Adaptive Pavlov 2006,2.05940329218107,0.38519753086419756,186.0,0.9466255144032922,0.29115411522633744,0.09404341563786002,0.1430748971193416,0.471727572016461,0.8740836571439171,0.15281517740444445,0.4510040758833021,0.0668071846810229
143,Meta Winner Memory One: 36 players,2.0580041152263373,0.0651940329218107,211.0,0.9506584362139918,0.024579629629629625,0.04061440329218105,0.2620818930041152,0.6727240740740742,0.30082424907642674,0.1196581824445654,0.05959618099604627,0.057583852234232874
144,Meta Winner Stochastic: 67 players,2.0568827160493823,0.08774238683127572,182.0,0.9518930041152264,0.03148930041152261,0.056253086419753094,0.26224320987654315,0.6500144032921812,0.3040260606790012,0.1446163432140858,0.10322012454561016,0.08312159515348085
145,Meta Winner Ensemble: 212 players,2.05488683127572,0.07525452674897119,193.5,0.951522633744856,0.026299382716049376,0.04895514403292177,0.2627349794238684,0.6620104938271604,0.2384701473953973,0.11197864090041687,0.09421961102832725,0.07064821019372189
146,"Limited Retaliate 3: 0.05, 20",2.0543930041152265,0.16334938271604937,169.0,0.9490946502057613,0.09425061728395057,0.06909876543209881,0.2335909465020576,0.603059670781893,0.6600773460871643,0.06879805019273962,0.11231405421906336,0.09496360084938452
147,Retaliate 3: 0.05,2.0534362139917697,0.13179423868312756,215.0,0.9498765432098766,0.08892366255144034,0.04287057613168724,0.22982592592592596,0.6383798353909464,0.7352626977572874,0.050346105026232164,0.07952295102625523,0.0533929986156589
148,Inverse Punisher,2.051625514403292,0.17720308641975308,193.0,0.9490946502057613,0.11771296296296292,0.059490123456790105,0.2189028806584362,0.6038940329218109,0.8442750797517552,0.05030265709474411,0.22504452323758722,0.050219130204313366
149,AON2,2.0504526748971186,0.335640329218107,111.0,0.9508230452674897,0.13714218106995893,0.19849814814814815,0.24380946502057613,0.42055020576131674,0.8646789153566937,0.060958650408014466,0.051819676243646105,0.41476835792152433
150,First by Grofman,2.0459567901234577,0.6957958847736625,69.0,0.9509465020576132,0.4192633744855969,0.2765325102880658,0.12092345679012342,0.1832806584362139,0.950090588590541,0.30680757933547453,0.30667423757348494,0.9505234443014149
151,CollectiveStrategy,2.044866255144033,0.057074485596707816,215.0,0.9481481481481482,0.019666460905349827,0.03740802469135804,0.26062510288065827,0.6823004115226339,0.13890322574984482,0.05001096973750921,0.05082490842704951,0.05212688754246789
152,Hard Go By Majority: 5,2.043549382716049,0.4587491769547325,122.0,0.04567901234567901,0.3539884773662551,0.10476069958847734,0.10980102880658435,0.4314497942386832,0.8588610119786927,0.4780052869599913,0.4742669875477549,0.13895097670850412
153,Hard Go By Majority: 20,2.0402263374485594,0.43366728395061727,127.0,0.049012345679012345,0.33740390946502063,0.09626337448559667,0.11507695473251034,0.4512557613168724,0.8331992283247844,0.5186134508258492,0.40528637117706373,0.16210282131693574
154,Fortress3,2.0383127572016466,0.3208187242798354,111.0,0.05279835390946502,0.11826728395061727,0.20255144032921807,0.2515277777777778,0.42765349794238694,0.7957287273595808,0.09057883956824732,0.08222450422965202,0.395860271104777
155,Inverse,2.0360082304526745,0.32150329218106993,179.0,0.948559670781893,0.22218168724279827,0.09932160493827162,0.1734473251028806,0.5050493827160495,0.8217737369404695,0.049756116481859826,0.5786806457972404,0.04989461996342987
156,Hard Go By Majority: 40,2.03522633744856,0.44497119341563784,120.5,0.05074074074074074,0.342782098765432,0.10218909465020576,0.11355329218106991,0.44147551440329225,0.8310341091256916,0.5425130432204792,0.4091923118101569,0.1711420608485238
157,Random Tit for Tat: 0.5,2.034701646090535,0.4792179012345679,95.0,0.9534567901234567,0.2590650205761318,0.22015288065843616,0.18380329218106994,0.3369788065843622,0.7264598055711187,0.23002999340241617,0.7569258456020649,0.2853148080851262
158,Aggravater,2.0333847736625517,0.05910288065843621,215.0,0.04958847736625514,0.02188518518518516,0.03721769547325106,0.2565664609053499,0.6843306584362139,0.21617235830653025,0.050306762647699094,0.05821336770904768,0.05024170138307563
159,"Limited Retaliate 2: 0.08, 15",2.031327160493827,0.190111316872428,161.0,0.951522633744856,0.11054444444444439,0.07956687242798355,0.2225576131687243,0.5873310699588478,0.6609177969411636,0.07075153280643882,0.1269169236041537,0.10884132144000623
160,Retaliate 2: 0.08,2.0307407407407405,0.1522230452674897,213.0,0.9490123456790124,0.10640781893004117,0.045815226337448556,0.21633888888888886,0.6314380658436215,0.7533870600623772,0.049111988836107984,0.09266308603513636,0.0554724527339757
161,"Limited Retaliate: 0.1, 20",2.030216049382716,0.19275185185185184,169.5,0.9519341563786008,0.12064588477366256,0.07210596707818921,0.21500370370370378,0.5922444444444445,0.7010705644290888,0.0670580641888638,0.12498085821552835,0.09417438265793332
162,GrudgerAlternator,2.0298148148148147,0.5200269547325103,94.0,0.9509465020576132,0.20414300411522632,0.31588395061728397,0.23455884773662553,0.24541419753086413,0.29811029757063867,0.049538848247411525,0.9498497569841597,0.9501597330426963
163,Hard Go By Majority,2.0288786008230453,0.46124711934156376,115.0,0.04818930041152263,0.3497473251028809,0.11149979423868303,0.11051049382716042,0.42824238683127563,0.8345010785926479,0.562216207721801,0.4257500405793192,0.1793674684872788
164,Punisher,2.028261316872428,0.24683086419753086,209.0,0.9502057613168724,0.1878047325102882,0.05902613168724281,0.17803065843621388,0.5751384773662551,0.8264490839684266,0.04941260902821458,0.2266882553508784,0.04971626939630548
165,UsuallyDefects,2.026738683127572,0.13980267489711934,153.0,0.04897119341563786,0.04510802469135805,0.09469465020576129,0.2582989711934156,0.601898353909465,0.04908384595364706,0.12556400299590675,0.050250448635366915,0.2508378976807597
166,Thumper,2.025874485596708,0.3501065843621399,176.0,0.9517695473251029,0.2549179012345678,0.09518868312757195,0.1528802469135803,0.4970131687242799,0.9119503936089511,0.05024662800093837,0.5222001717838214,0.05005556942675774
167,Retaliate: 0.1,2.0247427983539095,0.1646090534979424,213.0,0.9507407407407408,0.1166681069958847,0.04794094650205763,0.2095757201646089,0.6258152263374488,0.7611319737778961,0.04955566890091105,0.10205922313646934,0.057369035600236803
168,Hard Go By Majority: 10,2.0245267489711933,0.4074732510288066,140.0,0.05037037037037037,0.3188545267489709,0.08861872427983539,0.11917572016460902,0.4733510288065846,0.8270033199147842,0.47365596352055206,0.3833911879939354,0.14134405243643172
169,Defector,2.0243827160493826,0.05009711934156379,216.0,0.049423868312757205,0.013653292181069967,0.036443827160493825,0.25837427983539096,0.6915286008230452,0.05283855250317794,0.05058822722972075,0.049906400235724235,0.04994045778669976
170,Forgetful Grudger,2.023179012345679,0.18604012345679014,208.0,0.9500411522633745,0.1309629629629629,0.05507716049382718,0.20384053497942395,0.610119341563786,0.8118295050681696,0.050253886172496036,0.1606712506573475,0.049738444604698374
171,Two Tits For Tat,2.0187139917695474,0.2926508230452675,208.0,0.9511522633744856,0.2196446502057611,0.07300617283950618,0.16270329218106994,0.5446458847736628,0.8563143482254071,0.04929836814869657,0.30763543896482026,0.05008373206764797
172,SolutionB5,2.0125,0.3332798353909465,158.5,0.04847736625514403,0.21834341563786008,0.11493641975308638,0.17287572016460903,0.49384444444444453,0.9155543836730488,0.049761325374795426,0.6153586052516986,0.0502994855394833
173,Predator,2.008569958847737,0.10050123456790123,205.0,0.948724279835391,0.04366934156378602,0.05683189300411528,0.24396893004115225,0.6555298353909464,0.31150445279167505,0.05240325411262409,0.1554673888877118,0.05615876357633381
174,Pun1,2.008497942386831,0.730588683127572,44.0,0.052510288065843624,0.4457551440329217,0.28483353909465053,0.10064238683127574,0.16876893004115207,0.9496021323928038,0.2645552520653495,0.9493408545540988,0.824608070605457
175,Random: 0.1,2.0031790123456794,0.13979135802469136,145.0,0.1371604938271605,0.04130329218106994,0.09848806584362152,0.2550353909465021,0.6051732510288065,0.13966361305150282,0.13932543561035965,0.13975016735786375,0.1400902745824712
176,Stochastic Cooperator,2.003065843621399,0.49596604938271605,95.0,0.951275720164609,0.2739549382716049,0.22201111111111127,0.16906851851851842,0.33496543209876545,0.891726888964891,0.25682411666735155,0.2900003077356377,0.42800434669655407
177,Hard Tit For Tat,2.0025617283950616,0.22643106995884774,213.0,0.9502469135802469,0.17085061728395054,0.05558045267489714,0.1788806584362141,0.5946882716049383,0.7953435662099807,0.0496791201733224,0.17849454329584463,0.04973818478785617
178,GTFT: 0.9,2.0025102880658436,0.916416049382716,22.0,0.9492181069958848,0.585431275720165,0.3309847736625511,0.04066069958847737,0.042923251028806605,0.9497300165752912,0.8599835809069049,0.9504629891038535,0.8609080820222719
179,Willing,1.996820987654321,0.8707609053497942,20.0,0.5010699588477366,0.5652082304526751,0.3055526748971192,0.0433864197530864,0.08585267489711935,0.9498440772226748,0.949808029300009,0.9501189558560829,0.05113477054359322
180,Better and Better,1.9929732510288063,0.1404434156378601,143.0,0.05164609053497942,0.04141419753086417,0.09902921810699584,0.25250864197530853,0.6070479423868315,0.15740824580441873,0.1593086798540744,0.13450761968777622,0.13699999650491337
181,TF1,1.9898559670781895,0.1301798353909465,202.0,0.9507818930041152,0.06542572016460907,0.06475411522633745,0.23089238683127594,0.6389277777777777,0.3998681771761809,0.23180555387296123,0.15636995327246686,0.0801334007621834
182,Cycle Hunter,1.989670781893004,0.8191421810699588,48.0,0.9492181069958848,0.5037619341563786,0.31538024691358013,0.07358518518518518,0.10727263374485597,0.938302990473596,0.9117329556447784,0.5494150404762717,0.26362081174965973
183,Meta Mixer: 212 players,1.9895781893004116,0.41593456790123456,115.0,0.7831687242798354,0.20856995884773671,0.20736460905349807,0.19460000000000005,0.3894654320987652,0.5824298160038974,0.3304273716083134,0.5325784339790994,0.3177757477534561
184,"ZD-Mischief: 0.1, 0.0, 1",1.9821193415637859,0.20248991769547325,158.0,0.9504938271604938,0.11230411522633742,0.09018580246913584,0.21223456790123477,0.5852755144032921,0.7702510022425824,0.5884755813590742,0.1406165960919015,0.05024286386277208
185,"ZD-Extort-2 v2: 0.125, 0.5, 1",1.9819650205761317,0.31512407407407406,151.0,0.9513991769547325,0.20229773662551434,0.11282633744855966,0.17228271604938278,0.5125932098765433,0.8375716796699585,0.4431107038447872,0.38790202841250887,0.050301463543005534
186,"ZD-Extort-2: 0.1111111111111111, 0.5",1.9810802469135802,0.321387037037037,147.0,0.948724279835391,0.20699074074074078,0.11439629629629625,0.17050411522633738,0.5081088477366256,0.8491045917569703,0.499458278511117,0.3502717788974947,0.050219372914677596
187,ALLCorALLD,1.9781481481481484,0.5046703703703703,96.0,0.5905761316872428,0.28885802469135796,0.2158123456790124,0.1534808641975308,0.3418487654320988,0.9501335929423103,0.9503092987052313,0.05056246129776365,0.04959151561244699
188,Risky QLearner,1.977314814814815,0.8751096707818931,45.0,0.9065432098765432,0.5384427983539092,0.3366668724279838,0.05912283950617286,0.06576748971193411,0.9053103122226408,0.8997628366713055,0.9041732063663902,0.7314983471883499
189,Arrogant QLearner,1.975545267489712,0.875379012345679,44.0,0.902880658436214,0.5380150205761316,0.3373639917695473,0.05936584362139919,0.06525514403292179,0.904697673302727,0.90009666519452,0.9055460584954709,0.7313787401303273
190,"ZD-SET-2: 0.25, 0.0, 2",1.9738580246913582,0.4145425925925926,108.0,0.9508230452674897,0.20916296296296286,0.20537962962962955,0.19039156378600822,0.3950658436213993,0.7244451930198554,0.27529413544836323,0.4999784875594557,0.275251668649948
191,Hesitant QLearner,1.9735905349794236,0.8750625514403292,44.0,0.9038683127572017,0.5378409465020576,0.33722160493827164,0.05918415637860086,0.06575329218106996,0.9049927625071534,0.9003509700007509,0.9048526804688579,0.7346082224300431
192,Worse and Worse,1.9727674897119343,0.8594598765432099,56.0,0.9481069958847737,0.504134156378601,0.35532572016460884,0.07990041152263379,0.06063971193415641,0.8698673887716781,0.8566360923275788,0.8467476761160301,0.8375775874612128
193,Cautious QLearner,1.971934156378601,0.8755808641975309,44.0,0.9067901234567901,0.5376450617283949,0.3379358024691359,0.059085802469135834,0.06533333333333331,0.9051948645014638,0.9007670420298217,0.9046751928914757,0.7333864721815899
194,"ZD-Extort-4: 0.23529411764705882, 0.25, 1",1.9669650205761318,0.2101380658436214,180.0,0.9503292181069959,0.11813024691358032,0.09200781893004123,0.20626995884773647,0.5835919753086419,0.6345848632487655,0.04974584738768865,0.4742069280726891,0.050038709585528765
195,"ZD-Extortion: 0.2, 0.1, 1",1.966635802469136,0.17644362139917696,180.5,0.9496296296296296,0.09675,0.07969362139917698,0.2132975308641974,0.6102588477366255,0.6237508633830746,0.2107807651108636,0.3022312803845848,0.050382439852952175
196,"ZD-Extort3: 0.11538461538461539, 0.3333333333333333, 1",1.9663683127572016,0.2737002057613169,153.5,0.9490123456790124,0.16819279835390943,0.10550740740740738,0.18436502057613183,0.5419347736625514,0.8112540289554788,0.4997836785806479,0.29287189563005267,0.049962091861210325
197,Tricky Level Punisher,1.9601337448559673,0.5634528806584362,76.5,0.9510699588477366,0.32813292181069953,0.23531995884773668,0.13535576131687233,0.30119135802469144,0.9223856084257755,0.8194659067289702,0.2315576412152982,0.10263489849115001
198,TF2,1.9583539094650204,0.20664382716049381,163.0,0.948641975308642,0.11385349794238683,0.09279032921810701,0.20670308641975313,0.586653086419753,0.49622917715838866,0.06353041004165633,0.392540796136784,0.10287480332417745
199,Alternator Hunter,1.9581687242798353,0.9339569958847737,21.5,0.9496296296296296,0.5793629629629629,0.35459403292181085,0.03831810699588474,0.027724897119341573,0.9473415288132829,0.9465941954547986,0.9069797131693088,0.8553978635195247
200,Defector Hunter,1.9522016460905354,0.9488514403292181,17.0,0.9477777777777778,0.5912467078189301,0.35760473251028824,0.031201851851851828,0.019946707818930036,0.9500759721303218,0.9496911134415185,0.9503287365291586,0.9276836188184434
201,Random: 0.7,1.9516460905349793,0.6801748971193415,70.0,0.682962962962963,0.3342767489711935,0.345898148148148,0.15744506172839506,0.16238004115226357,0.6807745081334216,0.6798428271237382,0.6801006462189149,0.6803960362675738
202,Cycler CCCD,1.9505864197530864,0.7249364197530864,68.0,0.9497119341563786,0.3578080246913578,0.36712839506172856,0.15051893004115227,0.1245446502057613,0.625059754077052,0.7016696743564674,0.9080374296356007,0.9081584585020469
203,Opposite Grudger,1.9493724279835396,0.9392736625514403,19.0,0.049012345679012345,0.5823637860082306,0.3569098765432099,0.03538580246913577,0.025340534979423845,0.950102223436085,0.9478511455695394,0.9502178299638869,0.7798552636256826
204,Handshake,1.9489094650205763,0.15826255144032922,191.0,0.9507407407407408,0.07258497942386828,0.08567757201646092,0.22214814814814807,0.6195893004115227,0.6172485778835235,0.40398595925871195,0.08219301355697373,0.07474468008423238
205,SelfSteem,1.9486419753086421,0.4701109053497942,89.0,0.4999588477366255,0.2366228395061727,0.23348806584362142,0.17781543209876546,0.35207366255144046,0.7355996475860554,0.38900388582088763,0.5944049601470799,0.2709711440642884
206,Appeaser,1.9448045267489722,0.5336730452674897,83.0,0.9503292181069959,0.2502930041152263,0.2833800411522634,0.18164588477366253,0.28468106995884784,0.9501256292462578,0.049695542879184894,0.050269743462931456,0.9502471251033752
207,Eventual Cycle Hunter,1.9435905349794238,0.9293547325102881,25.0,0.949917695473251,0.5715076131687243,0.3578471193415638,0.03947921810699586,0.031166049382716034,0.9473874258511118,0.946204552123677,0.7490703162241646,0.6030009934969979
208,Cooperator,1.9434670781893004,0.9499650205761316,18.0,0.9484362139917696,0.5897448559670783,0.36022016460905343,0.030986008230452663,0.01904897119341564,0.9501473957192513,0.9499013170307513,0.9502929574475308,0.9502339758947143
209,Win-Stay Lose-Shift: C,1.9431687242798354,0.5335152263374485,82.0,0.949835390946502,0.25025,0.2832652263374485,0.18179032921810695,0.28469444444444464,0.9500038436898278,0.05003223110639348,0.05001867513240106,0.9493933732431731
210,Winner21,1.9418930041152263,0.26596625514403294,201.0,0.0479835390946502,0.19061337448559676,0.07535288065843623,0.15909176954732518,0.5749419753086419,0.9502220824193599,0.05096184137844864,0.29737500256085786,0.05673848556819986
211,Random: 0.9,1.9414197530864197,0.8600843621399177,54.0,0.8588477366255144,0.49366502057613165,0.3664193415637861,0.08042654320987654,0.05948909465020572,0.8596044795830118,0.8600298483525914,0.8603409651682025,0.861303012222053
212,Cycler CCD,1.9413374485596702,0.6529946502057613,71.0,0.949835390946502,0.2890360082304527,0.3639586419753087,0.18219855967078175,0.16480679012345684,0.4525991249883153,0.5757703991595918,0.9077750458410349,0.9020915033530368
213,Tricky Defector,1.939269547325103,0.40821851851851854,111.0,0.04814814814814815,0.0811425925925926,0.3270759259259259,0.27626090534979425,0.31552057613168727,0.05015148400227573,0.7592227472949653,0.04969749802022674,0.2927673098647773
214,Cycler CCCDCD,1.9366460905349792,0.6529769547325103,72.0,0.9484362139917696,0.2936026748971195,0.35937427983539083,0.1778393004115226,0.16918374485596713,0.5113682352291955,0.5212306210686029,0.90763946846312,0.8880072560325208
215,Win-Shift Lose-Stay: D,1.9364814814814815,0.5199347736625515,90.0,0.0517283950617284,0.20473724279835384,0.3151975308641975,0.20984259259259247,0.2702226337448561,0.0497163001960523,0.9493567746517865,0.9502458937435481,0.04979756262300632
216,Delayed AON1,1.9352983539094648,0.5051666666666667,86.0,0.9490123456790124,0.21578456790123443,0.2893820987654321,0.19845349794238684,0.2963798353909466,0.8967840132385727,0.055991816013116806,0.053057990978986044,0.9497411787362546
217,Alternator,1.93343621399177,0.5011393004115227,89.5,0.9511522633744856,0.16664115226337445,0.33449814814814827,0.2335382716049381,0.26532242798353906,0.04994429032414232,0.049531583176336214,0.9501325816726044,0.9500858038602981
218,Stochastic WSLS: 0.05,1.9297119341563786,0.5245839506172839,84.5,0.9506584362139918,0.2375882716049383,0.2869956790123457,0.18517160493827145,0.29024444444444447,0.9045695480099889,0.09503181336693019,0.09502123467741641,0.9053489461320228
219,Random: 0.3,1.9274588477366255,0.32016913580246914,111.0,0.3168724279835391,0.10849053497942389,0.21167860082304532,0.23057181069958868,0.4492590534979421,0.318730589715029,0.3200178589566488,0.3197583298931306,0.3200850053396502
220,UsuallyCooperates,1.9261831275720165,0.8670078189300412,55.0,0.949835390946502,0.4890415637860083,0.3779662551440329,0.08129074074074072,0.05170144032921808,0.7344443518300577,0.9492220419038874,0.8656996472753177,0.9494434266823619
221,Cycler DDC,1.9252057613168718,0.34692345679012343,110.0,0.05004115226337449,0.09903888888888891,0.2478845679012346,0.24391666666666673,0.40915987654320973,0.09910995718094094,0.09238170289866952,0.3998526116245,0.5385188945254434
222,"Bush Mosteller: 0.5, 0.5, 3.0, 0.5",1.9245267489711941,0.2891257201646091,126.0,0.49325102880658434,0.1284090534979423,0.1607166666666666,0.2074878600823045,0.5033864197530865,0.5151274806024789,0.3140233763964175,0.2673217419514769,0.25919540371134403
223,Cycler CCCCCD,1.9236728395061726,0.801317695473251,60.0,0.9471604938271605,0.4246650205761317,0.3766526748971195,0.11267921810699576,0.08600308641975309,0.7596840813155918,0.8003867078852414,0.9116459868537229,0.9126581955984059
224,ThueMorseInverse,1.9233024691358025,0.4998477366255144,89.0,0.9513168724279836,0.18444156378600823,0.31540617283950645,0.21747572016460892,0.28267654320987645,0.31035684591475776,0.3862669465738651,0.59369190478772,0.673201062608289
225,Cycler DC,1.91369341563786,0.5000915637860083,87.0,0.04938271604938271,0.16485041152263363,0.3352411522633745,0.23030144032921815,0.26960699588477377,0.14235363735846154,0.09530269880833925,0.9089715493345902,0.8646140229163215
226,Desperate,1.9128600823045265,0.37645205761316874,106.0,0.5004526748971193,0.08100987654320989,0.29544218106995873,0.26165390946502065,0.3618940329218107,0.0496137474805379,0.04987613658510632,0.05016214773662841,0.9500173678457766
227,$e$,1.9090432098765424,0.8028526748971193,66.0,0.9481893004115226,0.36968415637860114,0.4331685185185184,0.1504477366255143,0.04669958847736623,0.6935071420790272,0.9487530069888404,0.7042897476122663,0.9497613533339248
228,$\pi$,1.908384773662552,0.8235705761316873,64.0,0.9453909465020576,0.3937689300411522,0.429801646090535,0.13809362139917697,0.038335802469135795,0.7192266115130316,0.9494179458211914,0.7731601348941348,0.9502136294568752
229,Cooperator Hunter,1.9032818930041153,0.9401746913580247,25.0,0.9488477366255144,0.5635080246913582,0.3766666666666665,0.037517283950617264,0.02230802469135801,0.9418302000952498,0.9494630823545864,0.7859066948457132,0.9490171066632467
230,Tricky Cooperator,1.9029423868312758,0.8448298353909465,54.0,0.9492181069958848,0.4352979423868314,0.40953189300411513,0.11079485596707815,0.044375308641975295,0.8941863732116846,0.9496479454130519,0.42788112664973915,0.9502802057716321
231,Random: 0.5,1.9023559670781893,0.5001707818930041,85.0,0.5017283950617284,0.20055205761316863,0.2996187242798353,0.20032716049382732,0.2995020576131688,0.49976531882800285,0.49963718895747816,0.5017363589004966,0.5003170123170654
232,First by Anonymous,1.9004629629629624,0.5002211934156379,85.0,0.5002469135802469,0.20061131687242803,0.2996098765432099,0.2002304526748971,0.29954835390946505,0.49998604873443364,0.49975250391761494,0.49987946538459643,0.5011862675470484
233,SolutionB1,1.8999794238683128,0.9347604938271605,19.0,0.050823045267489715,0.5629841563786009,0.3717763374485595,0.03640493827160496,0.028834567901234575,0.949229554437914,0.9480856994943752,0.7802384333565692,0.8053449450767834
234,ThueMorse,1.893837448559671,0.4999181069958848,85.0,0.048312757201646093,0.180048148148148,0.3198699588477368,0.2134380658436214,0.2866438271604938,0.32703077821224036,0.3850043126848968,0.6190064669251238,0.6689307893400331
235,AntiCycler,1.8921399176954736,0.8599197530864198,52.5,0.9513168724279836,0.4761767489711934,0.3837430041152264,0.08103641975308641,0.05904382716049377,0.8344574661245898,0.8545982177808137,0.8495413175188334,0.8971201781471652
236,EasyGo,1.879053497942387,0.9330024691358024,24.0,0.05131687242798354,0.548257818930041,0.3847446502057615,0.04193744855967077,0.025060082304526755,0.9472416486344276,0.9493608353238593,0.6809596352198952,0.9495706076162173
237,Anti Tit For Tat,1.8723251028806587,0.5871757201646091,85.5,0.9476131687242798,0.16092325102880667,0.42625246913580245,0.24403436213991767,0.1687899176954731,0.04953310188016502,0.949774458441345,0.05038527821325432,0.9497216016313359
238,Negation,1.8700308641975312,0.5862730452674897,85.0,0.49559670781893006,0.15992160493827165,0.42635144032921807,0.24361378600823042,0.1701131687242799,0.04961521527507061,0.9498405184988135,0.050031017679309106,0.9504050801804315
239,Bully,1.8686316872427986,0.5846279835390946,85.0,0.04983539094650206,0.1587456790123458,0.42588230452674875,0.24405020576131703,0.17132181069958843,0.05025883015887987,0.9503028046304783,0.049293793017635104,0.9499664645481063
240,Hopeless,1.868024691358025,0.7141818930041153,71.0,0.4988065843621399,0.26064094650205755,0.45354094650205773,0.2004368312757201,0.08538127572016464,0.04943978725356538,0.9497831489284335,0.9502945535812211,0.9496374013734771
241,Meta Minority: 212 players,1.8625925925925926,0.6540915637860082,77.0,0.04925925925925926,0.20927469135802468,0.4448168724279837,0.222527366255144,0.12338106995884773,0.5225105913053277,0.9497934983893348,0.15229500045709948,0.9486739083871549
242,$\phi$,1.8572222222222226,0.7119491769547325,72.0,0.9496296296296296,0.26443292181069955,0.447516255144033,0.19344999999999998,0.0946008230452675,0.5766800994481267,0.9370069197344304,0.3958316221042304,0.9421677573580993
243,"Gradual Killer: (D, D, D, D, D, C, C)",1.8477160493827158,0.5960349794238683,81.5,0.0508641975308642,0.37519876543209885,0.22083621399176953,0.08011563786008231,0.3238493827160494,0.9061198287961751,0.7878320867222288,0.3539470710374148,0.24397026481542075
